<?xml version="1.0" encoding="UTF-8" standalone="yes"?>
<addon id="vkkodi.repo"
       version="3.33"
       name="[B][COLOR yellow]Vikings[/COLOR] - [COLOR orange]Repositorio Oficial! A Casa dos Melhores Add-ons BR[/COLOR][/B]"
       provider-name="TEAM VIKINGS">
  <requires>
    <import addon="xbmc.addon" version="12.0.0"/>
  </requires>
  <extension point="xbmc.addon.repository" name="Vikings Repositorio">
    <dir><!-- Fork do UrlResolver para XBMC/Kodi por t0mm0, eldorados, bstrdsmkr, tknorris e jsergio123 -->
        <info compressed="false">https://raw.githubusercontent.com/Gujal00/smrzips/master/addons.xml</info>
        <checksum>https://raw.githubusercontent.com/Gujal00/smrzips/master/addons.xml.md5</checksum>
        <datadir zip="true">https://raw.githubusercontent.com/Gujal00/smrzips/master/zips</datadir>
		<hashes>false</hashes>
    </dir>
    <dir minversion="16.0.0" maxversion="18.9.9"> <!-- Python 2: Jarvis/Krypton/Leia -->
      <info compressed="false">https://raw.githubusercontent.com/vikingskoditeam/vikingskoditeam.github.io/master/leia/addons.xml</info>
      <checksum>https://raw.githubusercontent.com/vikingskoditeam/vikingskoditeam.github.io/master/leia/addons.xml.md5</checksum>
      <datadir zip="true">https://raw.githubusercontent.com/vikingskoditeam/vikingskoditeam.github.io/master/leia</datadir>
      <hashes>false</hashes>
    </dir>
    <dir minversion="19.0.0"> <!-- Python 3: Matrix+ (19/20/21/+...) -->
      <info compressed="false">https://raw.githubusercontent.com/vikingskoditeam/vikingskoditeam.github.io/master/matrix/addons.xml</info>
      <checksum>https://raw.githubusercontent.com/vikingskoditeam/vikingskoditeam.github.io/master/matrix/addons.xml.md5</checksum>
      <datadir zip="true">https://raw.githubusercontent.com/vikingskoditeam/vikingskoditeam.github.io/master/matrix</datadir>
      <hashes>false</hashes>
    </dir>
  </extension>
  <extension point="xbmc.addon.metadata">
    <summary lang="pt_BR">Repositório Vikings levando os melhores addons a sua familia e aos quatro cantos do Mundo!!!</summary>
    <description lang="pt_BR">
[B][COLOR orange]Repositório Vikings, SEM BANIMENTO! SEM SCRIPT MALICIOSO!! PURO, LIMPO E SIMPLES!!![/COLOR][/B]

[B][COLOR red]Repositório oficial Vikings Build - Proibido reprodução total ou parcial sem prévia autorização[/COLOR][/B]

[B][COLOR white]Addons deste repositório é de uso gratuito!![/COLOR][/B]

[B][COLOR firebrick]Proibido a venda dos add-ons contidos neste repositório[/COLOR][/B]
    </description>
    <disclaimer lang="pt_BR">[B][COLOR orange]Repositório Vikings é apenas um AGREGADOR de ADDONS e, assim como o Google.com, apenas agrega e organiza ADDONS DE TERCEIROS. Não somos responsáveis pelos arquivos aqui encontrados.[/COLOR][/B]</disclaimer>
	<news>
[COLOR lime]•[/COLOR] Adaptação das informações de acordo com a versão atual do Kodi.
[COLOR lime]•[/COLOR] Atualização dos links de apontamento GitHub correção de falhas.
[COLOR lime]•[/COLOR] Suporte para Kodi: [COLOR blue]Python 2 (16,17,18) e Python 3 (19+)[/COLOR].
[COLOR lime]•[/COLOR] Adicionado o repositorio Gujal00: Fork do UrlResolver para XBMC/Kodi.
[COLOR lime]•[/COLOR] [COLOR orange]Atualização em: 2026-01-11[/COLOR]
	</news>
    <platform>all</platform>
    <source>https://vikingskoditeam.github.io</source>
    <assets>
      <icon>icon.png</icon>
      <fanart>fanart.jpg</fanart>
    </assets>
  </extension>
</addon>
