<?xml version="1.0" encoding="UTF-8" standalone="yes"?>
<addon	id="One.repo" 
        name="[B][COLOR white]Repositorio[/COLOR]: [COLOR aquamarine]ONE[/COLOR][COLOR white]PLAY[/COLOR][/B]" 
		version="1.12"	
		provider-name="TEAM [COLOR aquamarine]ONE[/COLOR][COLOR white]PLAY[/COLOR]">
	<requires>
    	<import addon="xbmc.addon" version="12.0.0"/>
	</requires>
	<extension point="xbmc.addon.repository" name="OnePlay Repositorio">
  		<dir>
			<info compressed="false">https://github.com/OnePlayHD/OneRepo/raw/master/addons.xml</info>
			<checksum>https://github.com/OnePlayHD/OneRepo/raw/master/addons.xml.md5</checksum>
			<datadir zip="true">https://github.com/OnePlayHD/OneRepo/raw/master/matrix</datadir>
			<hashes>false</hashes>
    	</dir>
	</extension>
	<extension point="xbmc.addon.metadata">
		<platform>all</platform>
		<source>https://github.com/OnePlayHD/OneRepo</source>
		<summary lang="pt_br">[COLOR white]Repositorio Oficial[/COLOR]</summary>
        <description lang="pt_br">[B][COLOR aquamarine]ONE[/COLOR]REPO[/B] - É UM AGREGADOR DE ADDONS. Assim como o Google.com o oneplay apenas agrega e organiza os links de conteúdos encontrados pela internet.</description>
        <disclaimer lang="pt_br">[COLOR aquamarine]O Plugin é somente um agregador de links, não somos responsáveis pelos conteúdos de midia.[/COLOR]</disclaimer>
	    <news>
- Adaptação das informações seguindo a versão atual do kodi
		</news>
		 <assets>
            <icon>icon.png</icon>
			<fanart>fanart.jpg</fanart>
        </assets>
	</extension>
</addon>