<?xml version="1.0" encoding="UTF-8" standalone="yes"?>
<addon id="plugin.video.thethunder" version="1.3.7" name="[COLOR violet]THUNDER[/COLOR]" provider-name="OnePlay Team">
    <requires>
        <import addon="script.module.requests" />
        <import addon="inputstream.adaptive" />
        <import addon="script.module.beautifulsoup4"/>
        <import addon="script.module.resolveurl.fork" />
        <import addon="service.subtitles.legendei" />
        <import addon="xbmc.python" version="3.0.0" />
    </requires>
    <extension point="xbmc.python.pluginsource" library="default.py">
        <provides>video</provides>
    </extension>
    <extension point="xbmc.addon.metadata">
        <summary lang="en">Thunder e um addon da equipe oneplay que busca conteudo na internet</summary>
        <summary lang="pt">Thunder e um addon da equipe oneplay que busca conteudo na internet</summary>
        <description lang="en">Thunder nao hospeda conteudo, todos os videos sao pesquisados na internet de forma automatizada</description>
        <description lang="en">Thunder nao hospeda conteudo, todos os videos sao pesquisados na internet de forma automatizada</description>
        <platform>all</platform>
        <license>GNU GENERAL PUBLIC LICENSE. Version 3, 29 June 2007</license>
        <disclaimer>The author of this addon do not host any of the content which is found and have no affiliation with any of the content providers. This addon simply searches websites for content. Use at your own risk!</disclaimer>
        <assets>
            <icon>icon.png</icon>
            <fanart>fanart.jpg</fanart>
        </assets>
    </extension>
</addon>
