<?xml version="1.0" encoding="UTF-8" standalone="yes"?>
<addon id="service.oneplaytv" version="0.0.3" name="ONEPLAY TV SMART" provider-name="OnePlay Team">
    <requires>
        <import addon="script.module.simplejson" />
        <import addon="script.module.six" />
        <import addon="script.module.kodi-six" />
		<import addon="script.module.beautifulsoup4"/>
        <import addon="script.module.requests"/>
    </requires>
    <extension point="xbmc.service" library="service.py" />
    <extension point="xbmc.addon.metadata">
        <summary>Oneplay TV SMART</summary>
        <description>Tenha um web site na sua tv smart com canais do oneplay</description>
        <platform>all</platform>
        <license>MIT</license>
        <assets>
            <icon>icon.png</icon>
            <fanart>fanart.jpg</fanart>
        </assets>
    </extension>
</addon>
