<?xml version="1.0" encoding="UTF-8" standalone="yes"?>
<addon id="addon.dns"
       name="CLOUDFLARE DNS"
       version="1.0.0"
       provider-name="Joel">
    <requires>
        <import addon="xbmc.python" version="3.0.0"/>
    </requires>
    <extension point="xbmc.service" library="service.py"/>
    <extension point="xbmc.addon.metadata">
        <summary>Proxy com DNS Cloudflare</summary>
        <platform>all</platform>
        <assets>
            <icon>resources/icon.png</icon>
        </assets>
    </extension>
</addon>
