<?xml version="1.0" encoding="UTF-8" standalone="yes"?>
<addon id="script.oneplayvip.downloader" name="ONEPLAY VIP DOWNLOADER" version="1.0.2" provider-name="Oneplay team">
    <requires>
        <import addon="script.module.six"/>
        <import addon="script.module.kodi-six"/>
    </requires>
    <extension point="xbmc.python.script" library="default.py"/>
    <extension point="xbmc.addon.metadata">
        <summary lang="en">Oneplay vip downloader, download apk s from oneplay</summary>
		<summary lang="pt">Oneplay vip downloader, baixe apk s do oneplay</summary>
        <description lang="en">Oneplay vip is a paid iptv service</description>
		<description lang="pt">Oneplay vip é um serviço pago de iptv</description>
        <platform>all</platform>
        <license>GNU GENERAL PUBLIC LICENSE. Version 1, 12 June 2022</license>
        <disclaimer>The author of this addon do not host any of the content which is found and have no affiliation with any of the content providers. This addon simply searches websites for content. Use at your own risk!</disclaimer>
        <assets>
            <icon>icon.png</icon>
            <fanart>fanart.jpg</fanart>
			<screenshot>resources/images/1.jpg</screenshot>
			<screenshot>resources/images/2.jpg</screenshot>
			<screenshot>resources/images/3.jpg</screenshot>
        </assets>
    </extension>
</addon>
