<?xml version="1.0" encoding="UTF-8" standalone="yes"?>
<addon	id="One.repo" 
		version="1.14"	
        name="[B][COLOR white]Repositorio[/COLOR]: [COLOR aquamarine]ONE[/COLOR][COLOR white]PLAY[/COLOR][/B]" 
		provider-name="TEAM [COLOR aquamarine]ONE[/COLOR][COLOR white]PLAY[/COLOR]">
	<requires>
    	<import addon="xbmc.addon" version="12.0.0"/>
	</requires>
	<extension point="xbmc.addon.repository" name="OnePlay Repositorio">
		<dir>
			<info compressed="false">https://raw.githubusercontent.com/oneplayhd/OneRepo/master/addons.xml</info>
			<checksum>https://raw.githubusercontent.com/oneplayhd/OneRepo/master/addons.xml.md5</checksum>
			<datadir zip="true">https://raw.githubusercontent.com/OnePlayHD/OneRepo/heads/master/</datadir>
			<hashes>false</hashes>
		</dir>
	</extension>
	<extension point="xbmc.addon.metadata">
		<platform>all</platform>
		<summary lang="pt_br">[COLOR white]••• Repositorio Oficial •••[/COLOR]</summary>
        <description lang="pt_br">[COLOR aquamarine]ONE[/COLOR]REPO é um agregador de addons. Assim como o Google.com, o OnePlay atua exclusivamente como um indexador e organizador de links de conteúdos disponibilizados publicamente na internet.</description>
        <disclaimer lang="pt_br">[COLOR aquamarine]O plugin atua unicamente como um agregador de links. Não hospedamos, transmitimos ou reproduzimos qualquer conteúdo de mídia. A responsabilidade pelo conteúdo acessado é exclusiva do respectivo provedor ou fonte original.[/COLOR]</disclaimer>
	    <news>
• Adaptação das informações de acordo com a versão atual do Kodi.
• Adição de capturas de tela em "resources" para visualização prévia.
• Atualização dos links de apontamento para o GitHub.
• O repositório oferecerá suporte apenas para as versões mais recentes.
• Atualizado os links de apontamento para raw.usercontent
• Atualização em: 10/12/2025
		</news>
		 <assets>
            <icon>icon.png</icon>
			<fanart>fanart.jpg</fanart>
			<screenshot>resources/screenshot-1.jpg</screenshot>
			<screenshot>resources/screenshot-2.jpg</screenshot>
			<screenshot>resources/screenshot-3.jpg</screenshot>
        </assets>
	</extension>
</addon>