<?xml version="1.0" encoding="UTF-8" standalone="yes"?>
<addon id="One.repo" 
       version="1.16"	
       name="[B]Repositorio: [COLOR aquamarine]ONE[/COLOR]PLAY[/B]" 
       provider-name="Team ONEPLAY">
  <requires>
    <import addon="xbmc.addon" version="12.0.0"/>
  </requires>
  <extension point="xbmc.addon.repository" name="OnePlay Repositorio">
    <dir><!-- Fork do UrlResolver para XBMC/Kodi por t0mm0, eldorados, bstrdsmkr, tknorris e jsergio123 -->
      <info compressed="false">https://raw.githubusercontent.com/Gujal00/smrzips/master/addons.xml</info>
      <checksum>https://raw.githubusercontent.com/Gujal00/smrzips/master/addons.xml.md5</checksum>
      <datadir zip="true">https://raw.githubusercontent.com/Gujal00/smrzips/master/zips</datadir>
      <hashes>false</hashes>
    </dir>
    <dir><!-- Repositirio oficial oneplay -->
      <info compressed="false">https://raw.githubusercontent.com/oneplayhd/oneplayhd.github.io/master/addons.xml</info>
      <checksum>https://raw.githubusercontent.com/oneplayhd/oneplayhd.github.io/master/addons.xml.md5</checksum>
      <datadir zip="true">https://raw.githubusercontent.com/oneplayhd/oneplayhd.github.io/master</datadir>
      <hashes>false</hashes>
    </dir>
  </extension>
  <extension point="xbmc.addon.metadata">
      <platform>all</platform>
      <summary lang="pt_BR">••• Repositorio Oficial •••</summary>
      <description lang="pt_BR">[COLOR aquamarine]ONE[/COLOR]REPO é um agregador de addons. Assim como o Google.com, o OnePlay atua exclusivamente como um indexador e organizador de links de conteúdos disponibilizados publicamente na internet.</description>
      <disclaimer lang="pt_BR">[COLOR aquamarine]O plugin atua unicamente como um agregador de links. Não hospedamos, transmitimos ou reproduzimos qualquer conteúdo de mídia. A responsabilidade pelo conteúdo acessado é exclusiva do respectivo provedor ou fonte original.[/COLOR]</disclaimer>
    <news>
[COLOR lime]•[/COLOR] Adaptação das informações de acordo com a versão atual do Kodi.
[COLOR lime]•[/COLOR] Adição de capturas de tela em "resources" para visualização prévia.
[COLOR lime]•[/COLOR] Atualização dos links de apontamento para o GitHub.
[COLOR lime]•[/COLOR] O repositório oferecerá suporte apenas para as versões mais recentes.
[COLOR lime]•[/COLOR] Atualizado os links de apontamento para raw.usercontent
[COLOR lime]•[/COLOR] Adicionado o repositorio Gujal00: Fork do UrlResolver para XBMC/Kodi.
[COLOR lime]•[/COLOR] [COLOR aquamarine]Atualização em: 2026-01-11[/COLOR]
    </news>
    <assets>
      <icon>icon.png</icon>
      <fanart>fanart.jpg</fanart>
      <screenshot>resources/screenshot-1.jpg</screenshot>
      <screenshot>resources/screenshot-2.jpg</screenshot>
      <screenshot>resources/screenshot-3.jpg</screenshot>
    </assets>
  </extension>
</addon>
