<?xml version="1.0" encoding="UTF-8"?>
<addon id="service.subtitles.legendei"
       name="Legendei"
       version="0.0.5"
       provider-name="zoreu">

    <requires>
        <import addon="script.module.kodi-six" />
    </requires>

    <extension
        point="xbmc.subtitle.module"
        library="service.py" />

    <extension point="xbmc.addon.metadata">
        <summary lang="en_GB">Legendei</summary>
        <description lang="en_GB">
            Search and download subtitles for movies and TV-Series from Wyzie
        </description>
        <description lang="pt_BR">
            Pesquise e baixe legendas para filmes e séries usando o Wyzie
        </description>

        <disclaimer lang="en_GB">No login required</disclaimer>
        <disclaimer lang="pt_BR">Nenhum login necessário</disclaimer>

        <platform>all</platform>
        <license>GPL-2.0-only</license>
        <website>https://sub.wyzie.ru/</website>

        <assets>
            <icon>icon.png</icon>
            <fanart>fanart.jpg</fanart>
        </assets>

        <source>https://github.com/zoreu/service.subtitles.legendei</source>
    </extension>
</addon>
