<?xml version="1.0" encoding="UTF-8" standalone="yes"?>
<addon id="plugin.video.OnePlay.Matrix" name="[COLOR aquamarine][B]ONE[/COLOR][COLOR white]PLAY[/B][/COLOR]" version="3.1.9" provider-name="Equipe OnePlay"> 
    <requires>
        <import addon="script.module.simplejson" />
        <import addon="script.module.six" />
        <import addon="script.module.kodi-six" />
		<import addon="script.module.beautifulsoup4"/>
        <import addon="script.module.requests"/>
    </requires>  
    <extension point="xbmc.python.pluginsource" library="app.py">
        <provides>video</provides>
    </extension>
    <extension point="xbmc.addon.metadata">
		<summary lang="pt">OnePlay é um plugin que exibe conteudos free</summary>
		<description lang="pt">Todos os videos são de sites terceiros, não hospedamos conteudo</description>
        <platform>all</platform>
        <disclaimer>The author of this addon do not host any of the content which is found and have no affiliation with any of the content providers. This addon simply searches websites for content. Use at your own risk!</disclaimer>
        <assets>
            <icon>icon.png</icon>
            <fanart>fanart.jpg</fanart>
        </assets>
    </extension>
</addon>    