<?xml version="1.0" encoding="UTF-8" standalone="yes"?>
<addon id="plugin.video.xtreamtotal"
       name="Xtream Total"
       version="1.0.3"
       provider-name="zoreu">
    <requires>
        <import addon="xbmc.python" version="3.0.0"/>
        <import addon="script.module.requests"/>
    </requires>
    <extension point="xbmc.python.pluginsource" library="main.py">
        <provides>video</provides>
    </extension>
    <extension point="xbmc.addon.metadata">
        <summary>Addon para Xtream Total com TV, Filmes, Series, EPG e Busca Global</summary>
        <description>Insira host, usuario e senha para acessar canais, VOD, series com temporadas/episodios, EPG e busca global.</description>
        <platform>all</platform>
        <license>GPL-2.0-or-later</license>
        <disclaimer>Xtream Total, um addon para Kodi que permite acesso a conteudo de IPTV.</disclaimer>
        <assets>
            <icon>icon.png</icon>
            <fanart>fanart.jpg</fanart>
        </assets>
    </extension>
</addon>