<?xml version="1.0" encoding="UTF-8"?>
<window type="dialog">
    <defaultcontrol>200</defaultcontrol>
    <coordinates>
        <s>1</s>
        <posx>0</posx>
        <posy>0</posy>
    </coordinates>
    <controls>

        <control type="image">
            <posx>0</posx>
            <posy>0</posy>
            <width>1920</width>
            <height>1080</height>
            <texture>$INFO[Window(10000).Property(loading.fanart)]</texture>
            <aspectratio>scale</aspectratio>
            <animation effect="fade" start="0" end="100" time="300" tween="sine" easing="out">WindowOpen</animation>
            <animation effect="fade" start="100" end="0" time="250" tween="sine" easing="in">WindowClose</animation>
        </control>

        <control type="image">
            <posx>0</posx>
            <posy>0</posy>
            <width>1920</width>
            <height>1080</height>
            <texture>white.png</texture>
            <colordiffuse>CC000000</colordiffuse>
            <animation effect="fade" start="0" end="100" time="300" tween="sine" easing="out">WindowOpen</animation>
            <animation effect="fade" start="100" end="0" time="250" tween="sine" easing="in">WindowClose</animation>
        </control>

        <control type="label">
            <posx>0</posx>
            <posy>250</posy>
            <width>1920</width>
            <height>35</height>
            <align>center</align>
            <aligny>center</aligny>
            <font>font13_title</font>
            <textcolor>FFFFFFFF</textcolor>
            <label>$ADDON[plugin.video.thethunder 30300]</label>
            <animation effect="fade" start="0" end="100" time="350" delay="100" tween="sine" easing="out">WindowOpen</animation>
            <animation effect="slide" start="0" end="0" time="350" delay="100" tween="back" easing="out">WindowOpen</animation>
            <animation effect="fade" start="100" end="0" time="200" tween="sine" easing="in">WindowClose</animation>
        </control>

        <control type="image">
            <posx>460</posx>
            <posy>310</posy>
            <width>1000</width>
            <height>500</height>
            <texture>white.png</texture>
            <colordiffuse>90000000</colordiffuse>
            <animation effect="fade" start="0" end="100" time="350" delay="150" tween="sine" easing="out">WindowOpen</animation>
            <animation effect="slide" start="0,40" end="0,0" time="350" delay="150" tween="sine" easing="out">WindowOpen</animation>
            <animation effect="fade" start="100" end="0" time="200" tween="sine" easing="in">WindowClose</animation>
            <animation effect="slide" start="0,0" end="0,20" time="200" tween="sine" easing="in">WindowClose</animation>
        </control>

        <control type="list" id="200">
            <posx>480</posx>
            <posy>330</posy>
            <width>960</width>
            <height>460</height>
            <onup>200</onup>
            <ondown>200</ondown>
            <scrolltime>200</scrolltime>
            <orientation>vertical</orientation>
            <animation effect="fade" start="0" end="100" time="350" delay="200" tween="sine" easing="out">WindowOpen</animation>
            <animation effect="slide" start="0,40" end="0,0" time="350" delay="200" tween="sine" easing="out">WindowOpen</animation>
            <animation effect="fade" start="100" end="0" time="200" tween="sine" easing="in">WindowClose</animation>
            <animation effect="slide" start="0,0" end="0,20" time="200" tween="sine" easing="in">WindowClose</animation>

            <itemlayout height="80" width="960">
                <control type="image">
                    <posx>0</posx> <posy>0</posy>
                    <width>960</width> <height>75</height>
                    <texture>white.png</texture>
                    <colordiffuse>20FFFFFF</colordiffuse>
                </control>
                <control type="label">
                    <posx>20</posx> <posy>25</posy>
                    <width>920</width> <height>30</height>
                    <font>font13</font>
                    <textcolor>E0FFFFFF</textcolor>
                    <align>left</align>
                    <aligny>center</aligny>
                    <label>$INFO[ListItem.Label]</label>
                </control>
            </itemlayout>

            <focusedlayout height="80" width="960">
                <control type="image">
                    <posx>0</posx> <posy>0</posy>
                    <width>960</width> <height>75</height>
                    <texture>white.png</texture>
                    <colordiffuse>60FFFFFF</colordiffuse>
                </control>
                <control type="label">
                    <posx>20</posx> <posy>25</posy>
                    <width>920</width> <height>30</height>
                    <font>font13</font>
                    <textcolor>FFFFFFFF</textcolor>
                    <align>left</align>
                    <aligny>center</aligny>
                    <label>$INFO[ListItem.Label]</label>
                </control>
            </focusedlayout>
        </control>

        <control type="label">
            <posx>0</posx>
            <posy>830</posy>
            <width>1920</width>
            <height>25</height>
            <align>center</align>
            <aligny>center</aligny>
            <font>font12</font>
            <textcolor>90FFFFFF</textcolor>
            <label>$ADDON[plugin.video.thethunder 30301]</label>
            <animation effect="fade" start="0" end="100" time="350" delay="250" tween="sine" easing="out">WindowOpen</animation>
            <animation effect="fade" start="100" end="0" time="200" tween="sine" easing="in">WindowClose</animation>
        </control>

    </controls>
</window>
